isrc,store,sale_month,country_code,streams,revenue,currency
ISRC_A,Spotify,2026-07,US,4000,12.00,USD
ISRC_A,Apple Music,2026-07,US,4000,32.00,USD
ISRC_A,Spotify,2026-08,US,6400,19.20,USD
ISRC_A,Apple Music,2026-08,US,6400,51.20,USD
ISRC_A,Spotify,2026-09,US,6000,18.00,USD
ISRC_A,Apple Music,2026-09,US,6000,48.00,USD
ISRC_A,Spotify,2026-10,US,4800,14.40,USD
ISRC_A,Apple Music,2026-10,US,4800,38.40,USD
ISRC_B,Spotify,2026-07,US,1500,4.50,USD
ISRC_B,Apple Music,2026-07,US,1500,12.00,USD
ISRC_B,Spotify,2026-08,US,2400,7.20,USD
ISRC_B,Apple Music,2026-08,US,2400,19.20,USD
ISRC_B,Spotify,2026-09,US,2250,6.75,USD
ISRC_B,Apple Music,2026-09,US,2250,18.00,USD
ISRC_B,Spotify,2026-10,US,1800,5.40,USD
ISRC_B,Apple Music,2026-10,US,1800,14.40,USD
ISRC_C,Spotify,2026-07,US,600,1.80,USD
ISRC_C,Apple Music,2026-07,US,600,4.80,USD
ISRC_C,Spotify,2026-08,US,960,2.88,USD
ISRC_C,Apple Music,2026-08,US,960,7.68,USD
ISRC_C,Spotify,2026-09,US,900,2.70,USD
ISRC_C,Apple Music,2026-09,US,900,7.20,USD
ISRC_C,Spotify,2026-10,US,720,2.16,USD
ISRC_C,Apple Music,2026-10,US,720,5.76,USD
ISRC_A,Spotify,2026-11,US,0,0.00,USD
ISRC_D,Spotify,2026-08,US,0,0.40,USD
